country,gdpp,cluster,cluster_child_mort,cluster_exports,cluster_health,cluster_imports,cluster_income,cluster_inflation,cluster_life_expec,cluster_total_fer
Niger,0.001116742547891075,3,0,1,1,1,0,0,0,1
Madagascar,0.0017371550744972276,3,1,1,1,1,0,0,0,1
Mozambique,0.0017944239231070264,3,0,1,1,1,0,0,0,1
Central African Republic,0.0020521337418511207,3,0,1,1,1,0,0,0,1
Malawi,0.002176216247172351,3,0,1,1,1,0,0,0,1
Eritrea,0.002395746833509913,3,1,1,1,1,0,0,0,1
Gambia,0.003159331481640562,3,0,1,1,1,0,0,0,1
Burkina Faso,0.0032834139869617925,3,0,1,1,1,0,0,0,1
Nepal,0.0034456757246895554,3,1,1,1,1,0,1,1,0
Guinea,0.00398018497838101,3,0,1,1,1,0,1,0,1
Tanzania,0.004495604615869199,3,0,1,1,1,0,0,0,1
Mali,0.004552873464478997,3,0,1,1,1,0,0,0,1
Bangladesh,0.005030113869560653,3,1,1,1,1,0,0,1,0
Benin,0.005030113869560653,3,0,1,1,1,0,0,0,1
Comoros,0.005135106758678617,3,0,1,1,1,0,0,0,1
Chad,0.006356842195687657,3,0,1,1,1,0,0,0,1
Kenya,0.007024978762801974,3,1,1,1,1,0,0,0,1
Myanmar,0.007225419732936269,3,1,1,1,1,0,0,0,0
Senegal,0.007339957430155867,3,0,1,1,1,0,0,0,1
Pakistan,0.007721749754221192,3,0,1,1,1,0,0,0,1
Lao,0.008676230564384504,3,0,1,1,1,0,0,0,0
Cote d'Ivoire,0.009439815212515154,3,0,0,1,1,0,0,0,1
Cameroon,0.010298847941662134,3,0,1,1,1,0,0,0,1
Ghana,0.010298847941662134,3,0,1,1,1,0,1,0,1
Yemen,0.010298847941662134,3,1,1,1,1,0,1,1,1
India,0.010680640265727459,3,1,1,1,1,0,0,0,0
Uzbekistan,0.010966984508776452,3,1,1,1,1,0,1,1,0
Zambia,0.011730569156907102,3,0,1,1,1,0,1,0,1
Sudan,0.011921465318939764,3,0,1,1,1,0,1,0,1
Bolivia,0.016693869369756323,3,1,1,1,1,0,0,1,0
Philippines,0.01812559058500129,3,1,1,1,1,0,0,1,0
Nigeria,0.020034552205327915,3,0,1,1,1,0,1,0,1
Egypt,0.022611650392768856,3,1,1,1,1,0,0,1,0
Sri Lanka,0.02461606009411181,3,1,1,1,1,0,1,1,0
Morocco,0.024806956256144472,3,1,1,1,1,0,0,1,0
Guatemala,0.024806956256144472,3,1,1,1,1,0,0,1,0
El Salvador,0.02633412555240577,3,1,1,1,1,0,0,1,0
Indonesia,0.027479502524601747,3,1,1,1,1,0,1,1,0
Armenia,0.02852943141578139,3,1,1,1,1,0,0,1,0
Paraguay,0.02862487949679772,3,1,0,1,1,0,0,1,0
Angola,0.031488321927287656,3,0,0,1,1,0,1,0,1
Albania,0.0368334144642022,3,1,1,1,1,0,0,1,0
Turkmenistan,0.04017409729977379,3,1,0,1,1,0,0,1,0
Algeria,0.040364993461806456,3,1,1,1,1,0,1,1,0
China,0.04131947427196977,3,1,1,1,1,0,0,1,0
Jamaica,0.04246485124416574,3,1,1,1,1,0,0,1,0
Peru,0.045710085998721,3,1,1,1,1,0,0,1,0
Dominican Republic,0.04981435348242324,3,1,1,1,1,0,0,1,0
Azerbaijan,0.05353682864206016,3,1,0,1,1,0,1,1,0
Iran,0.060122746232187003,3,1,1,1,1,0,1,1,0
Grenada,0.06814038503755881,3,1,1,1,1,0,0,1,0
Romania,0.0763489200049633,3,1,1,1,1,0,0,1,0
Suriname,0.07701705657207764,3,1,0,1,1,0,0,1,0
Gabon,0.08131222021781254,3,1,0,1,1,0,1,0,1
Kazakhstan,0.08436655881033511,3,1,0,1,1,1,1,1,0
Turkey,0.0999245960159971,3,1,1,1,1,1,0,1,0
Russia,0.0999245960159971,3,1,1,1,1,1,1,1,0
Libya,0.11328732735828348,3,1,0,1,1,1,1,1,0
Venezuela,0.12665005870056983,3,1,1,1,1,1,1,1,0
Saudi Arabia,0.18200994569004192,3,1,0,1,1,1,1,1,0
Oman,0.18200994569004192,3,1,0,1,1,1,1,1,0
South Korea,0.20873540837461466,3,1,0,0,1,1,0,1,0
Singapore,0.44258320686462604,3,2,2,2,2,2,3,2,2
